{"_id":{"$oid":"5733485951d2291c1f000007"},"nombre":"Trucha","vencimiento":"16-12-2018","pais":"Brasil","img":"https://http2.mlstatic.com/trucha-fresca-por-kilo-D_NQ_NP_238505-MLA25040282621_092016-F.jpg","categoria":"congelados","descripcion":"Mayonesa libre de huevo.","__v":0}
{"_id":{"$oid":"5733485951d2291c1f000008"},"nombre":"Danonino","vencimiento":"16-12-2018","pais":"Brasil","img":"https://geant.vteximg.com.br/arquivos/ids/215918-1000-1000/241864.jpg","categoria":"congelados","descripcion":"Postre Danonino pack por dos.","__v":0}
{"_id":{"$oid":"5733485951d2291c1f000009"},"nombre":"Kit Escolar","vencimiento":"16-12-2018","pais":"Brasil","img":"https://http2.mlstatic.com/kit-escolar-D_NQ_NP_314111-MLA20487191963_112015-F.jpg","categoria":"escolar","descripcion":"Kit escolar completo.","__v":0}
